<?xml version="1.0" encoding="UTF-8" standalone="yes"?>
<ns2:ExportManifest xmlns:ns2="http://www.pentaho.com/schema/">
    <ExportManifestInformation exportDate="26-07-2017 02:45:23 ICT" exportBy="admin" rootFolder="/public/Musashi/" manifestVersion="2"/>
    <ExportManifestEntity path="Dashboard">
        <ExportManifestProperty>
            <EntityMetaData name="Dashboard" createdDate="2017-04-20T15:35:19.931+07:00" isFolder="true" path="Dashboard" isHidden="false" locale="th_TH" title="Dashboard"/>
        </ExportManifestProperty>
        <ExportManifestProperty>
            <EntityAcl>
                <entriesInheriting>true</entriesInheriting>
                <owner>admin</owner>
                <ownerType>USER</ownerType>
            </EntityAcl>
        </ExportManifestProperty>
    </ExportManifestEntity>
    <ExportManifestEntity path="Dashboard/Customer.cda">
        <ExportManifestProperty>
            <EntityMetaData name="Customer.cda" createdDate="2017-07-25T15:11:18.134+07:00" isFolder="false" path="Dashboard/Customer.cda" isHidden="false" locale="th_TH" title="Customer"/>
        </ExportManifestProperty>
        <ExportManifestProperty>
            <EntityAcl>
                <entriesInheriting>true</entriesInheriting>
                <owner>admin</owner>
                <ownerType>USER</ownerType>
            </EntityAcl>
        </ExportManifestProperty>
    </ExportManifestEntity>
    <ExportManifestEntity path="Dashboard/Customer.cdfde">
        <ExportManifestProperty>
            <EntityMetaData name="Customer.cdfde" createdDate="2017-07-25T15:11:18.294+07:00" isFolder="false" path="Dashboard/Customer.cdfde" isHidden="false" locale="th_TH" title="Customer"/>
        </ExportManifestProperty>
        <ExportManifestProperty>
            <EntityAcl>
                <entriesInheriting>true</entriesInheriting>
                <owner>admin</owner>
                <ownerType>USER</ownerType>
            </EntityAcl>
        </ExportManifestProperty>
    </ExportManifestEntity>
    <ExportManifestEntity path="Dashboard/Customer.wcdf">
        <ExportManifestProperty>
            <EntityMetaData name="Customer.wcdf" createdDate="2017-07-25T15:11:17.991+07:00" isFolder="false" path="Dashboard/Customer.wcdf" isHidden="false" locale="th_TH" title="Customer"/>
        </ExportManifestProperty>
        <ExportManifestProperty>
            <EntityAcl>
                <entriesInheriting>true</entriesInheriting>
                <owner>admin</owner>
                <ownerType>USER</ownerType>
            </EntityAcl>
        </ExportManifestProperty>
    </ExportManifestEntity>
    <ExportManifestEntity path="Dashboard/Factory Performance and Delivery.cda">
        <ExportManifestProperty>
            <EntityMetaData name="Factory Performance and Delivery.cda" createdDate="2017-07-06T10:14:18.486+07:00" isFolder="false" path="Dashboard/Factory Performance and Delivery.cda" isHidden="false" locale="th_TH" title="Factory Performance and Delivery"/>
        </ExportManifestProperty>
        <ExportManifestProperty>
            <EntityAcl>
                <entriesInheriting>true</entriesInheriting>
                <owner>admin</owner>
                <ownerType>USER</ownerType>
            </EntityAcl>
        </ExportManifestProperty>
    </ExportManifestEntity>
    <ExportManifestEntity path="Dashboard/Factory Performance and Delivery.cdfde">
        <ExportManifestProperty>
            <EntityMetaData name="Factory Performance and Delivery.cdfde" createdDate="2017-07-06T10:14:25.199+07:00" isFolder="false" path="Dashboard/Factory Performance and Delivery.cdfde" isHidden="false" locale="th_TH" title="Factory Performance and Delivery"/>
        </ExportManifestProperty>
        <ExportManifestProperty>
            <EntityAcl>
                <entriesInheriting>true</entriesInheriting>
                <owner>admin</owner>
                <ownerType>USER</ownerType>
            </EntityAcl>
        </ExportManifestProperty>
    </ExportManifestEntity>
    <ExportManifestEntity path="Dashboard/Factory Performance and Delivery.wcdf">
        <ExportManifestProperty>
            <EntityMetaData name="Factory Performance and Delivery.wcdf" createdDate="2017-07-06T10:14:31.402+07:00" isFolder="false" path="Dashboard/Factory Performance and Delivery.wcdf" isHidden="false" locale="th_TH" title="Factory Performance and Delivery"/>
        </ExportManifestProperty>
        <ExportManifestProperty>
            <EntityAcl>
                <entriesInheriting>true</entriesInheriting>
                <owner>admin</owner>
                <ownerType>USER</ownerType>
            </EntityAcl>
        </ExportManifestProperty>
    </ExportManifestEntity>
    <ExportManifestEntity path="Dashboard/Sale and Financial KPI.cda">
        <ExportManifestProperty>
            <EntityMetaData name="Sale and Financial KPI.cda" createdDate="2017-05-22T16:39:34.056+07:00" isFolder="false" path="Dashboard/Sale and Financial KPI.cda" isHidden="false" locale="th_TH" title="Sale and Financial KPI"/>
        </ExportManifestProperty>
        <ExportManifestProperty>
            <EntityAcl>
                <entriesInheriting>true</entriesInheriting>
                <owner>admin</owner>
                <ownerType>USER</ownerType>
            </EntityAcl>
        </ExportManifestProperty>
    </ExportManifestEntity>
    <ExportManifestEntity path="Dashboard/Sale and Financial KPI.cdfde">
        <ExportManifestProperty>
            <EntityMetaData name="Sale and Financial KPI.cdfde" createdDate="2017-05-22T16:39:34.158+07:00" isFolder="false" path="Dashboard/Sale and Financial KPI.cdfde" isHidden="false" locale="th_TH" title="Sale and Financial KPI"/>
        </ExportManifestProperty>
        <ExportManifestProperty>
            <EntityAcl>
                <entriesInheriting>true</entriesInheriting>
                <owner>admin</owner>
                <ownerType>USER</ownerType>
            </EntityAcl>
        </ExportManifestProperty>
    </ExportManifestEntity>
    <ExportManifestEntity path="Dashboard/Sale and Financial KPI.wcdf">
        <ExportManifestProperty>
            <EntityMetaData name="Sale and Financial KPI.wcdf" createdDate="2017-05-22T16:39:34.254+07:00" isFolder="false" path="Dashboard/Sale and Financial KPI.wcdf" isHidden="false" locale="th_TH" title="Sale and Financial KPI"/>
        </ExportManifestProperty>
        <ExportManifestProperty>
            <EntityAcl>
                <entriesInheriting>true</entriesInheriting>
                <owner>admin</owner>
                <ownerType>USER</ownerType>
            </EntityAcl>
        </ExportManifestProperty>
    </ExportManifestEntity>
</ns2:ExportManifest>
